{
  "processed_images": 1,
  "psnr_reconstruction": 21.76068687438965,
  "psnr_noisy": 21.8287296295166,
  "ssim_reconstruction": 0.8778877857238957,
  "ssim_noisy": 0.8026728856290672,
  "lpips_reconstruction": 0.06253194808959961,
  "lpips_noisy": 0.1552039384841919
}