{
  "processed_images": 1,
  "psnr_reconstruction": 28.20038604736328,
  "psnr_noisy": 12.043428421020508,
  "ssim_reconstruction": 0.8807030648883606,
  "ssim_noisy": 0.22577263869100006,
  "lpips_reconstruction": 0.06304077059030533,
  "lpips_noisy": 0.8095525503158569
}